Name,Video Link,YouTube Link,Ingredients,Overview ,Directions,Benefits ,Category,Diet Type,Protein Type,Protein,Carbs,Fats,Calories,Meal Replacement,Gluten Free,Nut Free,Soy Free,Caffeine Free,Sugar Free
Hydration bomb,,,"1 cup watermelon, 3/4 cup pineapple, 1/2 pc passion fruit (or 2 teaspoon passion fruit pulp), 1 tablespoon lemon balm leaves (without stems), water after need (1 1/2 tablespoon or more), 1 leaf lemon balm for garnishing",This smoothie is a hydration bomb. Great after training or as a part of reconvalescence after sickness or injury. Great for optimal hydration in hot environments. ,"-        Cut watermelon and pineapple into smaller pieces
-        Open passion fruit and scoop out the pulp
-        Remove stems from lemon balm (use the leaves only)
-        Put all ingredients into a blender, add water and blend well together
-        Serve with a piece of lemon balm on top and enjoy ☺ ","Hydration
Reconvalescence 
after sickness or injury",Low Carb Smoothies,,,1.5 g,22.7 g,0.4 g,100.6,no,yes,yes,yes,yes,yes
Piña Colada,,,"1 cup pineapple, 1/2 pc mango (ca 150 g), 1/2 pc passion fruit (or 2 teaspoon passion fruit pulp), 4 pc cucumber slices (ca 30 g), 1 1/2 tablespoon (20 ml) fresh coconut water, desiccated coconut (ca 1/2 teaspoon) and 1 thin slice cucumber for garnishing","This smoothie is great for hydration, detoxification and simply to bring a tropical summer vibe into your home. ","-        Cut pineapple and mango into smaller pieces
-        Open passion fruit and scoop out the pulp
-        Slice cucumber into round thick slices
-        Put all ingredients into a blender, add coconut water and blend well together
-        Serve with desiccated coconut and one thin cucumber slice on top and enjoy ☺ 
","Hydration, 
Detoxification, 
Tropical vibe",Low Carb Smoothies,,,2.9 g,39.6 g,4.1 g,216,no,yes,yes,yes,yes,yes
Heavy metal detox and Immunity booster,,,"1 pc mango (ca 300 g), 1 big handful parsley (ca 5 g), 1/2 teaspoon turmeric, 1/2 teaspoon ginger, 1 teaspoon fresh tamarind (or tamarind paste), 1/3 cup (ca 80 ml) freshly squeezed orange juice ",This smoothie is amazing immunity booster and inflamation figher as well as support for detoxification. ,"-        Squeeze couple of oranges or buy a freshly made cold-pressed orange juice 
-        Cut mango, turmeric and ginger into smaller pieces
-        Wash and rinse parsley well and cut it into smaller pieces, remove stalks if you desire 
-        Remove stones from tamarind and cut them into smaller pieces or add 1 teaspoon of tamarind paste instead if you are using that
-        Put all ingredients into a blender, add orange juice and blend well together
-        Serve with grated ginger or turmeric on top and enjoy ☺ 
","Anti-inflammatory, 
Detoxification, 
Inflamation fighter",Anti-Inflammatory Smoothies,,,3.4 g,49.8 g,1.6 g,232,yes,yes,yes,yes,yes,yes
Green Goddess ,,,"2 1/2 banana, 1/2 celery stalk, 4 pc cucumber slices (ca 30 g), 1 small stalk Aloe Vera (ca 70 g), 1 small head Bok Choy (ca 40 g), 3 tablespoon fresh coconut water (ca 45 ml), Aloe Vera for garnishing","This smoothie is alkalizing, anti-inflammatory, regulating blood sugar and supportive for diabetes patients","-        Cut bananas, celery and Bok Choy into smaller pieces
-        Make 4 round cucumber slices 
-        Remove skin on Aloe Vera and use the gel inside
-        Put all ingredients into a blender, add fresh coconut water and blend well together
-        Serve with Aloe Vera on top and enjoy ☺ 
","Anti-inflammatory, 
Alkalizing, 
Blood sugar regulator",Anti-Inflammatory Smoothies,,,4.1 g,53.7 g,1.1 g,268.5,yes,yes,yes,yes,yes,yes
Antioxidant bomb,,,"1 1/2 banana, 1 cup (ca 150 g) frozen blueberries, 2 small soft dried dates (ca 10 g), 3 leaves kale (ca 30 g) - curly kale or any other type, 3 tablespoon (ca 45 ml) fresh coconut water, cocoa nibs and dried Goji berries for garnishing","This smoothie is fullpacked with anti-oxidants as well as high dose of vit. K, supporting blood clotting and building up the bones ","-        Cut bananas into smaller pieces
-        Remove stones from dates and cut them into smaller pieces
-        Remove stems from kale and cut or rip the leaves into smaller pieces
-        Put all ingredients into a blender, add frozen blueberries and fresh coconut water and blend well together
-        Serve with cocoa nibs and Goji berries on top and enjoy ☺ 
","Antioxidants, 
Blood clotting, 
Bones health",Superfood smoothies,,,4.6 g,58.8 g,3.8 g,305.1,yes,yes,yes,yes,yes,yes
Dragon fruit Cream,,,"1 1/2 banana, 1 package frozen dragon fruit or 1/4 pc fresh dragon fruit (ca 100 g), 2 tablespoon dried Goji berries, 2 tabelespoon (ca 30 ml) fresh coconut water, cocoa nibs and Goji berries for garnishing","Amazing ,,nice cream,, (a vegan ice-cream). Meal replacement. Gut and liver support. An iron bomb. Reduces anxiety and can prevent cancer. ","-        Cut bananas and dragon fruit into smaller pieces
-        Remove stones from dates and cut them into smaller pieces
-        Put all ingredients into a blender, add Goji berries and fresh coconut water and blend well together 
-        Add water little by little ! We wanna create an ,,ice-cream consistence,, not a watery smoothie
-        Serve with cocoa nibs and dried Goji berries on top and enjoy ☺
","Gut and liver health, 
Iron rich, 
Reduces anxiety",Superfood smoothies,,,7.1 g,62.3 g,4.2 g,333.5,yes,yes,yes,yes,yes,yes
Acai-mulberry smoothie,,,"1 1/2 banana, 100gr (1 package) frozen or fresh acai pulp, 2 leaves kale (green curly or another type), 5 small dates (ca 30g), 2 tablespoon mulberries (use blueberries or any othe berries if mulberries are not available), 1 tablespoon water","This smoothie helps to regulate digestion, supports brain health and strengthens immune system.","- Cut bananas and kale into smaller pieces, remove stems from kale. 
  - Remove stones from dates and cut them into smaller pieces. 
  - Put banans, kale, dates, acai and mulberries into a blender. 
  - Blend well together. 
  - Serve with mulberries on top and enjoy ☺",Digestion. Braiin health. Immunity. Prevents Cold and Flu.,Superfood Smoothies,,,5.6g,67.4,7.1g,319.6,yes,yes,yes,yes,yes,
Sweet Potato Pie,,,"1 small sweet potato, peeled and chopped, ½ cup oat milk, 1 tsp maple syrup, ½ tsp cinnamon, 1 frozen banana, 1 tbs almond butter, 1 scoop vanilla plant-based protein powder, ½ cup ice","Fall into the season with this healthy and delicious sweet potato pie smoothie, high in fiber, protein, and vitamin A!",1. Combine all ingredients in a blender. Add more ice or water to reach the desired consistency. ,Energy,Meal Replacement Smoothies,Plant Based,Plant Based,31.4 g,68.7 g,13.1 g,498,Yes,Yes,Yes,Yes,Yes,No
Sweet Peach,,,"½ frozen banana, 1 peach, 1/2 cup almond milk, 1 tbs flax seed, 1/2 tsp ground cinnamon, 1 cup spinach, 1 scoops plant-based protein powder, ½ cup ice","This smoothie is filled with supefoods that are not only so delicious, but full of healthy nutrients to keep you energized all day long!",1. Combine all ingredients in a blender. Add more ice or water to reach the desired consistency. ,Energy,Superfood Smoothies,Vegan ,Plant Based,17.7 g,42.2 g,6 g,275,No,Yes,No,Yes,Yes,Yes
Veggie Apple Smoothie,,,"1 medium green apple, ¼ cup light coconut milk, 1 stalk celery, ½ small cucumber, ½ cup spinach, 1 lemon, juiced, 1 lime, juiced , ½ cup ice, ½ cup water","This delicious and fresh smoothie will kickstart your morning! With lots of vitamin C and iron, you’re sure to start the day right with this one.",1. Combine all ingredients in a blender. Add more ice or water to reach the desired consistency. ,Appearance,Anti Inflammatory Smoothies,Vegan ,Plant Based,3.9 g,37.9 g,0.72 g,153,No,Yes,Yes,Yes,Yes,Yes
Watermelon Sunrise,,,"1/2 cup watermelon (fresh or frozen), 1/2 cup frozen strawberries, 1 tablespoon orange juice, 1 tablespoon chia seeds, 1 scoop plant-based protein powder, 1/2 cup coconut water, 1/2 cup ice",Get hydrated with this watermelon and strawberry smoothie- perfect after your next workout!,1. Combine all ingredients in a blender. Add more ice or water to reach the desired consistency. ,Energy,After Workout Shake,Paleo,Plant Based,16.7 g,34.6 g,6.1 g,249,No,Yes,Yes,Yes,Yes,Yes
Raspberry Chia Smoothie ,,,"1 cup frozen raspberries, 1 pear, 1/2 avocado, 1 tablespoon chia seeds, 1 tablespoon stevia, 1 scoop plant-based protein, 1/2 cup ice","This pinky red shake is high in vitamins, minerals, and fiber; a perfect way to fill you up any time!",1. Combine all ingredients in a blender. Add more ice or water to reach the desired consistency. ,Muscle,Meal Replacement Shakes,Plant Based ,Plant Based,"31.4 g""",70.6 g,22.1 g,572,Yes,Yes,Yes,Yes,Yes,Yes
Cherry Garcia,,,"1/2 cup frozen cherries, 1/2 cup light coconut milk, 2 tablespoon coconut yogurt, 1 scoop whey protein powder, 1 tablespoon chia seeds, 1 tablespoon cocoa powder, 1/2 teaspoon vanilla extract","Everyone's favorite ice cream flavor can now be had as a healthy, vitamin A-rich smoothie!",1. Combine all ingredients in a blender. Add more ice or water to reach the desired consistency. ,Muscle,Meal Replacement Shakes,Keto ,Whey Protein,30.2 g,30.1 g,24.5 g,450,Yes,Yes,Yes,Yes,Yes,Yes
Creamy Cherry Shake,,,"1/3 cup strawberries, 1/3 cup pitted cherries, 1/2 sliced banana, 1/2 cup light coconut milk, 1 scoop plant-based protein",This healthy and creamy cherry shake recipe is perfect for the summer. It's high in protein and vitamins!,1. Combine all ingredients in a blender. Add more ice or water to reach the desired consistency. ,Muscle,Weight Loss Shakes,Paleo,Plant Based,35.2 g,10.3 g,10.2 g,254,No,Yes,Yes,Yes,Yes,Yes
Mint Green Smoothie,,,"1/2 cup frozen pineapple, 1/3 cup cucumber, sliced, 1 cup baby spinach, 1/4 cup mint leaves, 1 cup cold water, 1 scoop rice protein powder",This is a refreshing and healthy smoothie recipe that you can make in the morning to start your day off right. ,1. Combine all ingredients in a blender. Add more ice or water to reach the desired consistency. ,Weight,Weight Loss Shakes,Whole 30,Rice Protein,17.3 g,33.6 g,0.6 g,204,No,Yes,Yes,Yes,Yes,Yes
Cinnamon Cookie Protein Shake,,,"1 tbsp cashew butter, 1 tsp vanilla extract, 1 tsp honey, 1 tsp cinnamon, ½ cup light coconut milk, 1 scoop whey protein powder",Get a healthy dose of protein for muscle building and recovery from this delicious cinnamon cookie shake!,1. Combine all ingredients in a blender. Add more ice or water to reach the desired consistency. ,Muscle,Muscle Gain Shakes,Keto ,Whey Protein,31.3 g,14.5 g,16.4 g,321,No,Yes,No,Yes,Yes,Yes
Tropical Green Protein Shake,,,"1 cup coconut yogurt, 1 cup frozen pineapple, 1 cup kale, ½ cup light coconut milk, 1 scoop plant-based protein",This tropical green shake is perfect for muscle building and providing you with the nutrients you need.,1. Combine all ingredients in a blender. Add more ice or water to reach the desired consistency. ,Muscle,Muscle Gain Shakes,Plant Based,Plant Based,15.2 g,42.1 g,14.1 g,350,No,Yes,Yes,Yes,Yes,Yes
Mango and Coconut Smoothie,,,"1/2 cup frozen mango chunks, 1/3 avocado, 1/2 cup light coconut milk, 1 tbsp flax seed meal, 1 scoop pea protein powder, 1 tsp honey, 1 tsp cinnamon","This smoothie is a great way to start your day with high quality, plant-based protein adnd it will leave you feeling energized and satisfied for hours!",1. Combine all ingredients in a blender. Add more ice or water to reach the desired consistency. ,Muscle,Muscle Gain Shakes,Plant Based,Pea Protein,19.3 g,29.6 g,22.1 g,378,Yes,Yes,Yes,Yes,Yes,No
Blackberry and Ginger Smoothie,,,"1 cup frozen blackberries, ½ frozen banana, ½ cup light coconut milk, 1 tsp honey, 1 tsp fresh lemon juice, 1 tsp finely chopped fresh ginger, 1 scoop plant based protein","This delicious and light smoothie is full of nutrients, antioxidants, protein, vitamins and minerals!",1. Combine all ingredients in a blender. Add more ice or water to reach the desired consistency. ,Muscle,Muscle Gain Shakes,Paleo,Plant Based,28.2 g,56.2 g,7.3 g,370,Yes,Yes,Yes,Yes,Yes,Yes
Peachy Pecan Protein Shake,,,"1/2 cup almond milk, 1 peach, chopped and frozen, 1/2 frozen banana, 1 tbs pecans, 1 scoop oat protein powder, 1/2 tsp vanilla extract, 1/4 tsp cinnamon","This high protein shake is a muscle-building powerhouse. Loaded with healthy ingredients like peaches and nuts, it's perfect for a quick breakfast or snack. Give it a try!",1. Combine all ingredients in a blender. Add more ice or water to reach the desired consistency. ,Muscle,Muscle Gain Shakes,Vegan ,Rice Protein,19.2 g,38.1 g,4.2 g,262,No,Yes,No,Yes,Yes,No
Green Pistachio Protein Smoothie,,,"1 frozen banana, 1 cup spinach, 1/3 avocado, 1/2 cup pineapple, 1/2 cup coconut yogurt, 1 oz pistachios, 1/4 tsp vanilla extract","Healthy and delicious, this green pistachio protein smoothie is a great way to start the day!",1. Combine all ingredients in a blender. Add more ice or water to reach the desired consistency. ,Muscle,Muscle Gain Shakes,Plant Based,Plant Based,19.5 g,41.2 g,22.1 g,415,Yes,Yes,No,Yes,Yes,Yes
Orange Creamsicle Protein Shake,,,"1/2 cup frozen mango, 2/3 cup coconut yogurt, 1 scoop pea protein powder, 1/4 cup coconut cream, 1 cup orange juice","This high calorie protein shake tastes just like an orange creamsicle, but it's packed with protein to help you reach your fitness goals! ",1. Combine all ingredients in a blender. Add more ice or water to reach the desired consistency. ,Muscle,High Calorie Protein Shakes,Plant Based,Pea Protein,33.5 g,69.4 g,27.0 g,631,Yes,Yes,Yes,Yes,Yes,Yes
Mixed Berry Meal Replacement Shake,,,"1/4 cup frozen blackberries, 1/4 cup frozen raspberries, 1/2 avocado, 1/4 cup Greek yogurt, 1/2 cup coconut milk, 1/2 tsp vanilla extract, 1 scoop casein protein","Looking for a high-protein, muscle building shake that's also healthy? Check out this delicious mixed berry shake recipe!",1. Combine all ingredients in a blender. Add more ice or water to reach the desired consistency. ,Muscle,High Calorie Protein Shakes,Keto,Casein Protein,36.3 g,25.5 g,51.4 g,669,Yes,Yes,Yes,Yes,Yes,Yes
Cocoa Mint Shake,,,"1 tbs ground flaxseed, 1 scoop rice protein powder, 3 tablespoon unsweetened cocoa powder, 2 tablespoons oats, 1/8 tsp salt, 1/4 cup coconut milk, 2 tbs cashew butter, 1/8 tsp pure peppermint extract ","This shake is packed with protein to help you grow muscle mass and keep your body healthy. It's also made with cocoa, which has health benefits of its own! ",1. Combine all ingredients in a blender. Add more ice or water to reach the desired consistency. ,Muscle,High Calorie Protein Shakes,Vegan ,Rice Protein,31.1 g,39.7 g,39.3 g,591,Yes,Yes,No,Yes,Yes,Yes
Cherry Almond Protein Smoothie,,,"1⁄2 avocado, 1 Tbsp unsweetened coconut flakes, 1 tbs almond butter, 1 cup frozen cherries, 1 scoop plant based protein, 1/4 cup coconut milk", Get started building muscle by making this high calorie cherry almond protein smoothie!,1. Combine all ingredients in a blender. Add more ice or water to reach the desired consistency. ,Muscle,High Calorie Protein Shakes,Paleo,Plant Based,28.4 g,39.2 g,44.0 g,631,Yes,Yes,No,Yes,Yes,Yes
Chia Java Shake,,,"1 frozen banana, 1 tbs cocoa powder, 1 tbs almond butter, 1 scoop plant based protein powder, 2 tbsp chia seeds,  1/2 cup cold coffee, 1/2 cup ice cubes","This high calorie shake is packed with protein and good carbs. It will keep you full, give your muscles the nutrients they need to grow, and it tastes great! ",1. Combine all ingredients in a blender. Add more ice or water to reach the desired consistency. ,Muscle,High Calorie Protein Shakes,Vegan ,Plant Based,34.5 g,46.1 g,18.1 g,452,Yes,Yes,No,Yes,No,Yes
Blueberry Cauliflower Smoothie,,,"1/2 cup frozen cauliflower rice, 1/4 cup frozen blueberries, 1 scoop pea protein powder, 1/2 avocado, 1/2 cup light coconut milk","This low carb smoothie is a great way to start your day. It's high in protein and fiber, keeping you full until lunchtime! ",1. Combine all ingredients in a blender. Add more ice or water to reach the desired consistency. ,Weight,Low Carb Shakes,Vegan ,Pea Protein,19 g,19 g ,23 g,338,No,Yes,Yes,Yes,Yes,Yes
Nutella Shake,,,"1 cup almond milk, 1 cup ice, 2 tablespoon hazelnut butter, 1 tablespoon cocoa powder, 1/2 tsp liquid stevia",Enjoy this low carb nutella shake for a delicious way to enjoy your favorite chocolate hazelnut spread. It's perfect for a quick snack or a satisfying dessert.,1. Combine all ingredients in a blender. Add more ice or water to reach the desired consistency. ,Energy,Low Carb Shakes,Plant Based,Plant Based,37 g,22 g,18 g,373,No,Yes,No,Yes,Yes,Yes
Pumpkin Pie Shake,,,"1 cup light coconut cream, 1/4 cup pumpkin puree, 1/2 tsp pumpkin pie spice, 1 scoop vanilla oat protein powder, 1 cups crushed ice",This low carb pumpkin pie shake is a delicious and easy way to enjoy the flavors of fall while helping you reach your health goals.,1. Combine all ingredients in a blender. Add more ice or water to reach the desired consistency. ,Energy,Low Carb Shakes,Whole 30,Oat Protein,28 g ,15 g,16 g,317,No,Yes,Yes,Yes,Yes,Yes
Kale Berry Shake,,,"2 cups kale, 1/4 cup raspberries, 1/2 squeezed lemon, 1 scoop rice protein powder, 1/2 cup ice, 1 cup water","This low carb kale berry shake is a great way to start your day. Kale and berries are both packed with nutrients, and this shake is a delicious way to get them all in one go",1. Combine all ingredients in a blender. Add more ice or water to reach the desired consistency. ,Weight,Low Carb Shakes,Vegan ,Rice Protein,30 g,19 g,4 g,210,No,Yes,Yes,Yes,Yes,Yes
Beetroot Booster,,,"1/2 cup almond milk, 1/2 cup water, 1/4 cup frozen strawberries, 1/2 beetroot, peeled, 1 scoop vanilla plant based protein powder, 1 teaspoon vanilla extract, 1/2 cup ice cubes","Get your beetroot boost with this low carb smoothie. This recipe has zero sugar and tons of nutrients, making it the perfect breakfast for anyone on a low carb diet.",1. Combine all ingredients in a blender. Add more ice or water to reach the desired consistency. ,Immunity,Low Carb Shakes,Paleo,Plant Based,28 g,1 g,12 g,185,No,Yes,Yes,Yes,Yes,Yes
Keto Strawberry Smoothie,,,"1 tbsp chia seeds, 1/4 tsp vanilla extract, 1/4 cup strawberries, 1/2 cup coconut milk, 1 scoop whey protein","Looking for a healthy keto smoothie recipe? This strawberry smoothie is perfect for you! It's low in carbs and high in fiber, making it the perfect snack or breakfast on the go. ",1. Combine all ingredients in a blender. Add more ice or water to reach the desired consistency. ,Energy,Keto Shakes,Keto,Whey Protein,29 g,18 g,33g,470,Yes,Yes,Yes,Yes,Yes,Yes
Coconut and Citrus Keto Shake,,,"1/2 cup coconut milk , 1/2 cup ice cubes, 1/2 banana, 1 tbs orange juice, 1 tbs lemon juice, 1/2 tsp cinnamon, 1 serving vanilla whey protein powder",Coconut and citrus make the perfect combination for a refreshing drink that will help you stay on track with your diet goals.,1. Combine all ingredients in a blender. Add more ice or water to reach the desired consistency. ,Energy,Keto Shakes,Keto,Whey Protein,28 g,27 g,30 g,465,Yes,Yes,Yes,Yes,Yes,Yes
Caramel Keto Shake,,,"1/2 cup coconut milk, 1/8 cup Greek yogurt, ¼ teaspoon ground nutmeg, ½ teaspoon ground cinnamon, 1/2 tsp vanilla extract, 1 scoop casein protein powder, 1 tsp stevia, 3/4 cup ice",This keto shake is a great way to get your morning off on the right foot. Get ready for those long days at work with this energizing and delicious breakfast option.,1. Combine all ingredients in a blender. Add more ice or water to reach the desired consistency. ,Energy,Keto Shakes,Keto,Casein Protein,22 g,20 g,33 g,447,Yes,Yes,Yes,Yes,Yes,Yes
Chocolate Cookie Keto Smoothie,,,"1/4 cup coconut milk, 1/4 cup almond milk, 1 tbs peanut butter, 1/4 tsp vanilla extract, 1/2 tsp stevia, 1 tbs cocoa powder, 1 scoop chocolate casein protein powder",This Keto chocolate cookie smoothie is a delicious and healthy way to enjoy the flavor of your favorite dessert while hitting your macros.,1. Combine all ingredients in a blender. Add more ice or water to reach the desired consistency. ,Energy,Keto Shakes,Keto,Casein Protein,24 g,13 g,25 g,358,Yes,Yes,No,Yes,Yes,Yes
Tropical Keto Shake,,,"1/4 cup frozen pineapple, 1/4 avocado, 1/4 cup coconut milk, 1/2 cup ice, 1/2 cup water",This keto shake recipe is perfect for a quick and healthy snack. It's packed with tropical flavors and will keep you satisfied until your next meal. ,1. Combine all ingredients in a blender. Add more ice or water to reach the desired consistency. ,Energy,Keto Shakes,Keto,Casein Protein,27 g,16 g,23 g,359,Yes,Yes,Yes,Yes,Yes,Yes
Peanut Butter Keto Shake,https://www.dropbox.com/s/3nwnpltfcjxp6ce/Peanut%20Butter%20Keto%20Shake%20v2.mp4?dl=0,https://youtube.com/shorts/S13wLyujAhg,"1/4 cup coconut milk, 1 tbs peanut butter, 1 scoop peanut butter casein protein powder, ½ tsp vanilla extract, 1/2 cup ice", This keto smoothie recipe uses peanut butter as the base for an easy and healthy shake that will give you plenty of natural fats and protein to help you make it through the day! ,1. Combine all ingredients in a blender. Add more ice or water to reach the desired consistency. ,Energy,Keto Shakes,Keto,Casein Protein,30 g,11 g,28 g,410,Yes,Yes,No,Yes,Yes,Yes
Keto Eggnog Smoothie,,,"1/4 cup coconut milk, 1/2 cup almond milk, 1 egg, 1/2 tsp stevia, 1 scoop vanilla protein powder, 1/2 tsp ground cinnamon, ½ tsp ground nutmeg",This Keto Eggnog smoothie is a festive drink that will keep you on track with your healthy eating goals.,1. Combine all ingredients in a blender. Add more ice or water to reach the desired consistency. ,Energy,Keto Shakes,Keto,Casein Protein,35 g,11 g,21 g,361,Yes,Yes,Yes,Yes,Yes,Yes
Greens and Avocado,,,"1/2 cup kale
1/4 avocado
1 kiwi fruit
1/2 frozen banana
1 tbs lime juice
1 scoop plant based protein powder
1 cup coconut water","If you're looking for a pre-workout shake that will help you power through your next workout, look no further than this recipe. It's packed with healthy nutrients that will give you the energy you need to push yourself to the next level.",1. Combine all ingredients in a blender. Add more ice or water to reach the desired consistency. ,Energy,Pre Workout Shakes,Paleo,Plant Based,33 g,48 g,9 g,373,Yes,Yes,Yes,Yes,Yes,Yes
Acai Berry Shake,,,"1 cup frozen mixed berries
1/3 cup frozen cherries
1/4 cup frozen acai
1/2 frozen banana
1/2 cup almond milk
1 scoop plant based protein","This acai berry shake recipe is packed with antioxidants, protein and healthy carbs to help give you the energy you need to crush your workout. Plus, it's delicious and easy to make!",1. Combine all ingredients in a blender. Add more ice or water to reach the desired consistency. ,Energy,Pre Workout Shakes,Whole 30,Plant Based,22 g,48 g,3 g,314,No,Yes,No,Yes,Yes,Yes
Apple and Lemon Smoothie,,,"1 apple, cored
1/2 cup frozen pineapple
1 teaspoon lemon juice
1 scoop rice protein powder
1 cup coconut water","This Apple and Lemon smoothie recipe will help you recover faster, get more energized, and get through your workout with ease.",1. Combine all ingredients in a blender. Add more ice or water to reach the desired consistency. ,Energy,Pre Workout Shakes,Plant Based,Rice Protein,23 g,61 g,4 g,354,No,Yes,Yes,Yes,Yes,Yes
Citrus Pre Workout Shake,https://www.dropbox.com/s/c0m6ictiqgzp1bl/Citrus%20Pre%20Workout%20Shoot%20v2.mp4?dl=0,https://youtube.com/shorts/7hySgH-nAkw,"1 orange, 1 frozen banana, 1 teaspoon lemon juice, 1/2 cup light coconut milk, 1 scoop plant based protein powder",Looking for a healthy pre-workout shake recipe? This citrus shake is packed with nutrients to help fuel your workout.,1. Combine all ingredients in a blender. Add more ice or water to reach the desired consistency. ,Energy,Pre Workout Shakes,Paleo,Plant Based,27 g,47 g,9 g,363,No,Yes,Yes,Yes,Yes,Yes
Strawberry Mint,,,"1/2 cup frozen strawberries
2 tbs mint leaves
1/2 cup light coconut milk
1 tbs lime juice
1 scoop pea protein powder","This shake is packed with healthy ingredients that will help power you through your workout. With protein, fiber and plenty of vitamins, this shake will give you the energy you need to stay focused and motivated.",1. Combine all ingredients in a blender. Add more ice or water to reach the desired consistency. ,Energy,Pre Workout Shakes,Vegan ,Pea Protein,25 g,23 g,9 g,259,No,Yes,Yes,Yes,Yes,Yes
Hard Greens Shake,,,"1/2 cup spinach
1/2 cup kale
1/2 cup frozen pineapple
1 scoop pea protein powder
1 cup coconut water",Hard Greens is a pre-workout shake that provides you with the necessary vitamins and nutrients to give your workout an extra boost.,1. Combine all ingredients in a blender. Add more ice or water to reach the desired consistency. ,Energy,Pre Workout Shakes,Whole 30,Pea Protein,28 g,26 g,2 g,227,No,Yes,Yes,Yes,Yes,Yes
Keto Pre-workout Berry Smoothie,,,"1/4 cup frozen mixed berries
1/2 cup coconut milk
1 scoop whey protein powder
1/2 cup ice",This is the perfect keto pre-workout smoothie recipe. It has all of your electrolytes and healthy fats to keep you going strong through a tough workout! ,1. Combine all ingredients in a blender. Add more ice or water to reach the desired consistency. ,Energy,Pre Workout Shakes,Keto,Whey Protein,27 g,18 g,21 g,352,No,Yes,Yes,Yes,Yes,Yes
Rasberry and Pineapple Smoothie,,,"1/2 cup frozen raspberries
1/2 cup frozen pineapples
1 frozen bananas
1 scoop vanilla rice protein powder
1 cup almond milk","This delicious pre-workout smoothie is packed with antioxidants, vitamins, minerals, and electrolytes. It's perfect for hydrating before a workout or race.",1. Combine all ingredients in a blender. Add more ice or water to reach the desired consistency. ,Energy,Pre Workout Shakes,Plant Based,Rice Protein,27 g,55 g,4 g,354,No,Yes,No,Yes,Yes,Yes
Cranberry Oat Smoothie,,,"1/2 banana, 1/4 tsp cinnamon, 1/2 oat milk, 1/2 tbs maple syrup, 1 scoop oat protein, 1/4 cup cranberries, 1/4 tsp vanilla extract",This cranberry and oat smoothie is a perfect addition to your pre-workout routine! It's full of healthy ingredients that will give you the energy and nutrition needed before hitting the gym. ,1. Combine all ingredients in a blender. Add more ice or water to reach the desired consistency. ,Energy,Pre Workout Shakes,Vegan ,Oat Protein,23 g,40 g,4 g,282,No,Yes,Yes,Yes,Yes,No
Ruby Red,https://www.dropbox.com/s/jx2tzib9fgcwb66/Ruby%20Red%20v1.mp4?dl=0,https://youtube.com/shorts/aYXyiLgt0nQ,"½ frozen banana, ½ cup raspberries, ¼ beetroot, 1 cup spinach, 1/2 cup light coconut milk, 1 tbs flax seed, 1 scoop protein powder, 1 cup ice",Ready for a bright red treat? This antioxidant-packed ruby red smoothie is bright in color and flavor.,1. Combine all ingredients in a blender. Add more ice or water to reach the desired consistency. ,Appearance,Superfood Smoothies,Vegan ,Plant Based,20.1 g,37.5 g,6.8 g,278,No,Yes,Yes,Yes,Yes,Yes
Banana Split,https://www.dropbox.com/s/sa9yqdg9ztseyls/Banana%20Split%20v2.mp4?dl=0,https://youtube.com/shorts/zCBWwov7YIo,"1 frozen banana, 1/2 cup frozen strawberries, 1/2 cup coconut yogurt, 1/2 tablespoon peanut butter, 1 tablespoon cocoa nibs, 1 teaspoon sprinkles, 1 scoop oat vanilla protein",Want a post-workout sweet treat? Try this brilliant banana split shake for extra protein and energy.,1. Combine all ingredients in a blender. Add more ice or water to reach the desired consistency. Top with cocoa nibs and enjoy.,Energy,After Workout Shake,Plant Based ,Oat Protein,20.2 g,64.9 g,11.5 g,412,Yes,Yes,No,Yes,Yes,Yes
Orange and Banana Protein Shake,https://www.dropbox.com/s/blo464a9x4hazqa/Orange%20%26%20Banana%20Protein%20Shake%20v2.mp4?dl=0,https://youtube.com/shorts/Zc4zbwelgn8,"1/2 frozen banana, 1/2 cup light coconut milk, 1 tablespoon orange zest, 1/2 orange, 1/3 avocado, 1 scoop rice protein powder","Try out this orange and banana shake for muscle building. It's packed with healthy antioxidants, easy to make, and tastes great!",1. Combine all ingredients in a blender. Add more ice or water to reach the desired consistency. ,Muscle,Muscle Gain Shakes,Whole 30,Rice Protein,18.1 g,35.2 g,19.2 g,362,Yes,Yes,Yes,Yes,Yes,Yes
Simple Spinach Shake,https://www.dropbox.com/s/qz2hqzbtxrqqn53/Simple%20Spinach%20v1.mp4?dl=0,https://youtu.be/LCAHoqUAxiE,"1/2 frozen banana, 1 cup spinach, 1 tbsp peanut butter, 1/2 cup almond milk, 1 scoop plant based protein powder","This simple, high-protein shake is a great way to build muscle and get your greens in at the same time!",1. Combine all ingredients in a blender. Add more ice or water to reach the desired consistency. ,Muscle,Muscle Gain Shakes,Vegan ,Plant Based,26.3 g,25.2 g,12.2 g,294,No,Yes,No,Yes,Yes,Yes
Chia Peanut Protein Smoothie,https://www.dropbox.com/s/39ok9366d7puhfa/Chia%20Peanut%20Protein%20Smoothie%20v1.mp4?dl=0,https://youtube.com/shorts/fahGaknSNuM,"1/2 cup almond milk, 1/2 frozen banana, 1 tbsp chia seeds, 1 tbsp peanut butter, 1/4 tsp vanilla extract, 1 scoop oat protein powder","Get your muscle-building protein fix with this easy, nutty-flavored breakfast!",1. Combine all ingredients in a blender. Add more ice or water to reach the desired consistency. ,Muscle,Muscle Gain Shakes,Plant Based,Oat Protein,34.0 g,27.1 g,12.9 g,349,No,Yes,No,Yes,Yes,Yes
Creamy Chocolate Smoothie,https://www.dropbox.com/s/u7trico20uxpfbk/Creamy%20Chocolate%20Peanut%20Shake%20v2.mp4?dl=0,https://youtube.com/shorts/t-b5u7vwjiM,"1 cup almond milk, 1 date, pitted, 2 tbs cocoa powder, 1 frozen banana, 1/4 tsp cinnamon, 1 scoop pea protein powder","A creamy, chocolatey, protein-rich smoothie is an excellent way to get the nutrients you need. This smoothie even contains antioxidants and helps your body build muscle.",1. Combine all ingredients in a blender. Add more ice or water to reach the desired consistency. ,Muscle,Muscle Gain Shakes,Whole 30,Pea Protein,20.4 g,61.0 g,5.2 g,328,No,Yes,Yes,Yes,Yes,Yes
ABC Smoothie,https://www.dropbox.com/s/jixlts60ecyzuhw/ABC%20Shake%20v1.mp4?dl=0,https://youtu.be/4dtC8c_RqB0,"1/2 avocado, 1 cup frozen blueberries, 1/4 cup coconut cream, 1 scoop plant based protein powder,  1 cup almond milk","Avocado, blueberrie, and coconut line up in this nutrient packed, high protein ABC smoothie!",1. Combine all ingredients in a blender. Add more ice or water to reach the desired consistency. ,Muscle,High Calorie Protein Shakes,Vegan ,Plant Based,30.6 g,58.4 g,17.9 g,495,Yes,Yes,No,Yes,Yes,Yes
Buttercream-y Protein Shake,https://www.dropbox.com/s/fyw1qlgl6xe6d1o/Buttercream-y%20Shake%20v2.mp4?dl=0,https://youtube.com/shorts/1RRwA5odwOQ,"1/4 avocado, 1 banana, 1/4 cup quick oats, 1 tbs of peanut butter, 1 scoop oat protein powder, 1 cup almond milk",This shake is high in protein and healthy fats to help you build muscle and stay energized.,1. Combine all ingredients in a blender. Add more ice or water to reach the desired consistency. ,Muscle,High Calorie Protein Shakes,Whole 30,Oat Protein,44.8 g,72.0 g,19.8 g,618,Yes,Yes,No,Yes,Yes,Yes
Creamy Chocolate Peanut Shake,https://www.dropbox.com/s/5bw55d03f2julr9/Creamy%20Chocolate%20Peanut%20v1.mp4?dl=0,https://youtube.com/shorts/XnDWsXndDOE,"1 banana, 1 cup almond milk, 1/2 avocado, 1 tbs peanut butter, 1 scoop plant based protein powder","This high calorie chocolate and peanut shake is perfect for those who need some extra protein, or are looking to bulk up. ",1. Combine all ingredients in a blender. Add more ice or water to reach the desired consistency. ,Muscle,High Calorie Protein Shakes,Plant Based,Plant Based,28.9 g,59.6 g,25.7 g,546,Yes,Yes,No,Yes,Yes,Yes
Nutty Banana Coconut Shake,https://www.dropbox.com/s/tzlpsnhjhnrkbjz/Nutty%20Banana%20Cocunut%20Shake%20v2.mp4?dl=0,https://youtube.com/shorts/dsTawwoTbsk,"1 banana, 1/2 cup coconut milk, 15 g walnuts, 1 scoop plant based protein powder",This shake is loaded with protein and potassium! It's also high in calories and fiber to keep you full for hours.,1. Combine all ingredients in a blender. Add more ice or water to reach the desired consistency. ,Muscle,High Calorie Protein Shakes,Paleo,Plant Based,22.9 g,36.2 g,38.2 g,544,Yes,Yes,No,Yes,Yes,Yes
Vanilla Honey and Almond Shake,https://www.dropbox.com/s/m2qpadztmij8io1/Vanilla%20Honey%20%26%20Almond%20Shake%20v2.mp4?dl=0,https://youtube.com/shorts/ZXS1Maw7M0s,"1 cup unsweetened almond milk, 1 tbs almond butter, 1 banana, 1/4 cup rolled oats, 1 tsp vanilla extract, 1 scoop oat protein powder, 1 tsp cinnamon, 1 tbs ground flaxseed, 1 tsp honey",Want to build muscle? This high calorie shake is packed with protein and healthy fats to help you reach your goals.,1. Combine all ingredients in a blender. Add more ice or water to reach the desired consistency. ,Muscle,High Calorie Protein Shakes,Plant Based,Oat Protein,30.4 g,67.1 g,17.2 g,524,Yes,Yes,No,Yes,Yes,No
High Fat Chocolate Shake,https://www.dropbox.com/s/w5mzhjs8c0p302x/High%20Fat%20Chocolate%20Shake%20v2.mp4?dl=0,https://youtube.com/shorts/b9uFJ2Vz0cc,"1/2 cup coconut milk, 1/2 avocado, 1 tbs cocoa powder, 1/2 tsp vanilla extract, Dash of salt, 1/2 cup ice as needed, 2 tbs peanut butter, 1 scoop casein protein powder",Looking to add some low carb and high protein goodness to your diet? This chocolate shake is perfect for you!,1. Combine all ingredients in a blender. Add more ice or water to reach the desired consistency. ,Energy,High Calorie Protein Shakes,Keto,Casein Protein,29.7 g,29.1 g,35.5 g,536,Yes,Yes,No,Yes,Yes,Yes
Cashew Cookie Shake,https://www.dropbox.com/s/ssmcydzn75kec28/Cashew%20Cookie%20Shake%20v2.mp4?dl=0,https://youtube.com/shorts/vmKyzV6ijNY,"1 cup light coconut milk, 1 scoop plant based protein powder, 1 tbsp cocoa powder, 1 tbsp cashew butter, 1/2 tsp cinnamin",Try out a cashew cookie shake for a delicious way to get your daily dose of protein and it's the perfect snack for people on a low carb diet.,1. Combine all ingredients in a blender. Add more ice or water to reach the desired consistency. ,Weight,Low Carb Shakes,Paleo,Plant Based,28 g,14 g,25 g,387,Yes,Yes,No,Yes,Yes,Yes
Low Carb Coffee Smoothie,https://www.dropbox.com/s/6i3vrpvlcx3ou9z/Low%20Carb%20Coffee%20Smoothie%20v2.mp4?dl=0,https://youtube.com/shorts/TJmQu80pS3k,"1/2 cup light coconut milk, 1/2 cup almond milk, 1 teaspoon vanilla extract, 1/2 cup espresso or strong coffee, 1 tablespoon unsweetened cocoa powder, 1 scoop vanilla whey powder, 1/2 avocado, 1 cup ice",Our Low Carb coffee smoothie is a delicious way to get your daily dose of caffeine while keeping it low carb!,1. Combine all ingredients in a blender. Add more ice or water to reach the desired consistency. ,Weight,Low Carb Shakes,Keto,Whey Protein,31 g,20 g,25 g,413,Yes,Yes,Yes,Yes,Yes,Yes
Coconut Berry Shake,https://www.dropbox.com/s/7jjnuyv8ofomkpg/Coconut%20Berry%20Shake%20V1.mp4?dl=0,https://youtu.be/uFr3XiKJGps,"1/2 avocado, 1/2 cup frozen raspberries, 1 tbsp lemon juice, ½ cup light coconut milk, 1 scoops pea protein powder","This low carb Coconut Berry Shake is a refreshing and healthy way to start your day! Made with simple ingredients, it's perfect for breakfast or a quick snack.",1. Combine all ingredients in a blender. Add more ice or water to reach the desired consistency. ,Weight,Low Carb Shakes,Whole 30,Pea Protein,25 g,22 g,32 g,468,Yes,Yes,Yes,Yes,Yes,Yes
Lemony Smoothie,https://www.dropbox.com/s/3wif2kujn21mcjz/Lemony%20Smoothie%20v2.mp4?dl=0,https://youtube.com/shorts/bHcEC1kEwNI,"1/2 cup coconut milk, 1 tbs fresh ginger, grated, 1 lemon, peeled and frozen, 1 scoop vanilla whey protein powder",Start your day off right with this low carb Lemony Smoothie. It's a great way to fuel your body for the day ahead and it tastes delicious too!,1. Combine all ingredients in a blender. Add more ice or water to reach the desired consistency. ,Immunity,Low Carb Shakes,Keto,Whey Protein,29 g,18 g,30 g,436,Yes,Yes,Yes,Yes,Yes,Yes
Keto Blueberry Shake,https://www.dropbox.com/s/jtk8ik63yxmrhny/Keto%20Blueberry%20Shake%20v1.mp4?dl=0,https://youtube.com/shorts/P67yz5rRqvo,"1/4 teaspoon vanilla extract, 1/4 cup almond milk, 1/2 cup coconut milk, 1 scoop whey protein, 1/4 cup blueberries",This keto blueberry shake is a delicious way to start your day. It's packed with healthy ingredients that will help you stay on track with your keto diet. ,1. Combine all ingredients in a blender. Add more ice or water to reach the desired consistency. ,Energy,Keto Shakes,Keto,Whey Protein,27 g,16 g,30 g,435,Yes,Yes,Yes,Yes,Yes,Yes
Chocolate Avocado Shake,https://www.dropbox.com/s/1rupaa6d1h251x0/Chocolate%20Avocado%20Shake%20v2.mp4?dl=0,,"1/2 avocado, diced, 1 cup almond milk, 1 tablespoon coconut oil, 1 scoop chocolate whey protein powder, 1/4 cup ice","The best thing about this recipe is that it's healthy, keto-friendly and dairy free. The avocado isn't just for flavor - it also provides potassium, fiber, vitamin E & C!",1. Combine all ingredients in a blender. Add more ice or water to reach the desired consistency. ,Energy,Keto Shakes,Keto,Whey Protein,29 g,26 g,33 g,492,Yes,Yes,Yes,Yes,Yes,Yes
Vanilla Bean Thickshake,https://www.dropbox.com/s/gl6olb7ekytobe2/Vanilla%20Bean%20Thick%20Shake%20v2.mp4?dl=0,https://youtube.com/shorts/px2ls7eXH_Y,"1/2 banana. 1/3 cup coconut milk, 1 tsp vanilla extract, 1 pinch sea salt, 1 scoop vanilla whey protein","Looking for a healthy keto smoothie option? This Vanilla Bean Thickshake is perfect! Made with almond milk, vanilla extract, and protein powder, it's a great way to start your day or refuel after a workout. ",1. Combine all ingredients in a blender. Add more ice or water to reach the desired consistency. ,Energy,Keto Shakes,Keto,Casein Protein,26 g,21 g,20 g,369,Yes,Yes,Yes,Yes,Yes,Yes
Coffee & Banana Shake,https://www.dropbox.com/s/tsxi351afxnspry/Coffee%20Banana%20Shake%20V1.mp4?dl=0,https://youtube.com/shorts/0AwpAkvMuWY,"1/3 cup espresso, 1 tbs cocoa powder, 1 scoop plant based protein, 1 frozen banana, 2 pitted dates","Greens, avocados and bananas will give you the nutrients needed to fuel your workout. This shake will keep you full for hours because of its high fiber content which in turn helps curb appetite. ",1. Combine all ingredients in a blender. Add more ice or water to reach the desired consistency. ,Energy,Pre Workout Shakes,Vegan ,Plant Based,27 g,73 g,3 g,390,Yes,Yes,Yes,Yes,No,Yes
Wild Berrie Zone,https://www.dropbox.com/s/k41yl7ieh4haju7/wild%20berrie%20zone.MOV?dl=0,https://youtu.be/gfAFdLqEloE,"1/2 cup Strawberries, 1/4 cup  raspberries, 1/2 cup blueberries, 1/4 cup blackberries, 1/2  cup fat-free vanilla frozen yogurt, 1 cup cranberry juice","This smoothie is good in low in calories and rich in  high  fiber, vitamin C, and antioxidants.",1. Place the all ingredients  into a blender; blend until smooth,Good for weight loss,Low Carb Shakes,,,6 g,74 g,1,304,,yes,yes,yes,yes,yes
Blue Almond Fiesta,https://www.dropbox.com/s/8zc83aycx9dusx4/blue%20almond%20fiesta.MOV?dl=0,https://youtu.be/xCf5P5kwVY4,"10 Almonds,  1/2 cup blueberries,1 tablespoon peanut butter, 1 cup soy milk, 1/4 cup fat-free vanilla frozen yogurt",This quick and easy smoothie is packed with protein,Place all ingredients into the jar of a blender. Blend until smooth. ,Muscle,Peanut Butter Shake,,,16 g,37 g,18 g,351,,Yes,No,No,Yes,yes
Blue Sky Shake,https://www.dropbox.com/s/npv3l1z9zybfdd0/Blue%20Sky%20Shake%20v1.mp4?dl=0,https://youtube.com/shorts/SZB0iwUo-hM,"1 frozen banana, 1/4 cup blueberries, 1/2 cup coconut milk, 2 tablespoons coconut yogurt, 1/2 teaspoon honey, 1/4 teaspoon blue spirulina powder, 1 scoop vanilla rice protein powder","This pretty, blue sky treat is not only delicious, but it's fun for everyone!","1. Combine all ingredients except 1/2 tablespoon yogurt in a blender. Add more ice or water to reach the desired consistency. 
2. In a cup, use a spoon to brush the remaining coconut yogurt across the sides to create cloud shapes
3. Pour the smoothie into the cup and enjoy your blue sky",Energy,Meal Replacement Shakes,Plant Based ,Rice Protein,27.2 g,46.1 g,10.1 g,372,Yes,Yes,Yes,Yes,Yes,No
Green Delite,https://www.dropbox.com/s/0s4ntl11usla52c/green%20delight.MOV?dl=0,https://youtu.be/rx5x5CuUG98,"1 medium Banana, 1/2 cup blueberries, 4 almonds, 1/2 cup spinach, 1/2 cup kale, 1 cup coconut water, 3-4 ice",it is a great immune boosting smoothie that’s quick and easy to make and it will leave you feeling full and satisfied. ,Place all ingredients into blender or a NutriBullit and blend until smooth.,Immunity,Meal Replacement Shakes (breakfast),,,6 g,52 g,2 g,240,breakfast,yes,no,yes,yes,yes
Smooth Banana Nut,https://www.dropbox.com/s/kgqj9peubocoqze/banana%20nut.MOV?dl=0,https://youtu.be/8HUNzLbKNqQ,"1 medium Banana,¼ cup chopped pecans, ¼ cup chopped almonds, 1/4 cup skim milk,¾ cup fat-free vanilla frozen yogurt, a touch of honey (1 teaspoon)","Packed with vitamins, minerals and omega-3’s","Process banana, pecans, almonds, skim milk, yogurt and honey, in a blender until smooth. Pour into glass, and serve immediately.",Energy,Meal Replacement Shakes,,,15 g,70g,25g,554,breakfast,yes,No,yes,yes,yes
Raspberry Zinger Haven,https://www.dropbox.com/s/0boykypfv1uzz9j/rasp%20zinger%20haven.MOV?dl=0,https://youtu.be/4eK_gZzbzcY,"1 cup Raspberries, 1 small banana,1 lime, 1 tablespoon apple cider, 1 cup fat-free vanilla frozen yogurt",it is perfect for cooling down on a hot day or as a post workout ,Place all ingredients into blender and blend until smooth,Energy,After Workout Shake,,,8 g,85 g,1 g,362,,yes,yes,yes,yes,yes
No Bull Berry Light,https://www.dropbox.com/s/nqdjp3gjs6cyvin/no%20bull%20berry.MOV?dl=0,https://youtu.be/9L0G0szeCMo,"1/2 cup Strawberries, 1/2 cup raspberries, 1/2 cup blueberries, 1 cup soy milk, 1/2 cup fat-free vanilla frozen yogurt, 1 tablespoon honey",packed with protein to keep you full throughout the day,"Add all of the ingredients to a blender. Pulse for 30 seconds, stir and pulse for an additional 30 seconds. Pour into one  glass and serve immediately or refrigerate until ready to serve",Appearance,Meal Replacement Shakes,,,12 g,69 g,4 g,353,breakfast,yes,yes,No,yes,yes
Strawberry Lemon Explosion,https://www.dropbox.com/s/ku8qid58bj7l7rc/straberry%20lemon%20explosion.MOV?dl=0,https://youtu.be/EWL2ZyjThKk,"1 cup Strawberries, 1/2 cup fresh lemonade, 1 cup fat-free vanilla frozen yogurt","Sweet, tangy and wonderfully refreshing smoothie","Combine strawberries, yogurt, lemonade in blender until smooth.Serve immediately.",Appearance,Weight Loss Shakes,,,8 g,78 g,0 g,338,,yes,yes,yes,yes,yes
Awesome Peanut Butter,https://www.dropbox.com/s/d6vp4hxftq4d8la/awsm%20peanut%20butter.MOV?dl=0,https://youtu.be/DuQN7t0bkYM,"1 tablespoon Peanut butter, 1 medium banana, 1/2 cup skim milk, 1/4 cup fat-free vanilla frozen yogurt","It's creamy, protein rich and filling for breakfast.",Purée all ingredients in a blender until smooth.,Energy,Meal Replacement Shakes,,,11 g,47 g,8 g,285,,yes,no,yes,yes,yes
Blueberry Pie Cloud,https://www.dropbox.com/s/dm1giv1itoe64v3/Blueberry%20Pie%20-%20Smoothie%20Reel.mp4?dl=0,https://youtube.com/shorts/BVc-RKHFljQ,"1/2 cup Blueberries, 1/2 cup raspberries, 1/2 cup granola, 1 cup pineapple juice, 1/2 cup fat-free vanilla frozen yogurt","A delicious blend of berries, yoghurt & granola, makes a healthy breakfast, snack or dessert","Place all ingredients, except granola, into a blender and puree until smooth.
Pour smoothie into a glass or bowl. Stir through granola (or sprinkle over top) and serve with a spoon
",Energy,Meal Replacement Smoothies,,,14 g,113 g,4 g,553,"breakfast, lunch ",yes,No,yes,yes,yes
Hot San Diego,https://www.dropbox.com/s/zb8ttff03wm03gb/hot%20san%20diego.MOV?dl=0,https://youtu.be/Dm_bKBseIzU,"1/2 cup Strawberries, 1 small banana, 1 cup fresh-squeezed orange juice",Delicious no sugar added strawberry banana orange smoothie,Process everything in a blender into fine consistency and enjoy,Weight,Weight Loss Shakes,,,4 g,55 g,0g,226,,yes,yes,yes,yes,yes
Baby Mango ,https://www.dropbox.com/s/qpe4ef946z0h7h4/baby%20mango.MOV?dl=0,https://youtu.be/wOYvlNQAOas,"1/2 cup  chopped Mango, 1/2 cup chopped pineapple, 1 cup fresh-squeezed orange juice",Enjoy the tropical flavors with this delicious cold mango pineapple smoothie with orange juice,"add mango, pineapple and orange juice into a blender and Blend it until smooth",Immunity,Anti Inflammatory Smoothies,,,3g,49 g,0 g,203,,yes,yes,yes,yes,yes
Red Kiwi Brothers,https://www.dropbox.com/s/23xtgaerjeg3bz6/red%20kiwi%20brothers.MOV?dl=0,https://youtu.be/RmPMGPJReR8,"1 Kiwi, 6 strawberries, 1 medium banana, 1/2 cup fat-free vanilla frozen yogurt, 1 tablespoon apple cider","Delicious Creamy kiwi, Strawberry Banana Smoothie made with yogurt.","Place the banana, strawberries, kiwi, vanilla frozen yogurt, and apple cider in a blender. Blend until smooth.",Appearance,Weight Loss Shakes,,,6 g,64g,1 g,272,,yes,yes,yes,yes,yes
Blue Oat-Crunch,https://www.dropbox.com/s/ttyyrxo0uqcdr3r/Blue%20Oat%20-%20Smoothie%20Reel.mp4?dl=0,https://youtube.com/shorts/QLqqj1n_Tuk?feature=share,"1/2 cup Blueberries, 1 medium banana, 1/4 cup oat squares, 1/2 cup fat-free vanilla frozen yogurt, 1/4 cup apple juice","This is a fruity, delicious, and easy-to-make smoothie.",Place all ingredients into blender and blend until smooth,Energy,Weight Loss Shakes,,,8g,86 g,2 g,372,,yes,yes,yes,yes,yes
Dirty Chicago,https://www.dropbox.com/s/2e755hhra8sn72q/Dirty%20Chicago%20v1.mp4?dl=0,https://youtu.be/qif2gN68jS8,"1/2 cup Mango, 1 small banana, 1/4 cup coconut, 1/2 cup pineapple juice, 1/2 cup orange juice, 1/2 cup fat-free vanilla frozen yogurt","Enriched with fresh mango, coconut, banana, and pineapple and orange juice smoothie is a nutritious tropical delight for the taste buds. ",Add all the ingredients in a blender.Blend until smooth. Serve immediately.,Energy,Meal Replacement Shakes,,,7 g,86g,7 g,423,breakfast,yes,no,yes,yes,yes
Mix Berry Blast,,,"1/2 cup Raspberries, 1/2 cup blueberries, 1/2 cup strawberries, 1 medium banana, 1 tablespoon apple cider","A smoothie with strawberries, blueberries, raspberries  and banana is delicately sweet and entirely kid-friendly,",Combine all ingredients into a blender; mix well.,Weight,Weight Loss Shakes,,,4 g,53 g,0 g,211,,yes,yes,yes,yes,yes
Wild Mambo,https://www.dropbox.com/s/pul4py3qzuu8xes/wild%20mambo.MOV?dl=0,https://youtu.be/68NfSVlY060,"1/2 cup Strawberries, 1/2 cup organic pineapple, 1 cup orange juice, 1/4 cup coconut cream",This recipe for a Strawberry Pineapple Coconut Smoothie is perfect for brightening your breakfast table,This recipe for a Strawberry Pineapple Coconut Smoothie is perfect for brightening your breakfast table,Weight,Weight Loss Shakes,,,4 g,32 g,12 g,289,,yes,No,yes,yes,yes
Clean Banana Tango,,,"2 medium Banana, 1/2 cup apple juice, 3/4 cup fat-free vanilla frozen yogurt",A quick and easy smoothie with only a few ingredients that tastes amazing,"Blend yogurt, apple juice, bananas,  in a blender until smooth.",Immunity,Anti Inflammatory Smoothies,,,9 g,97 g,1g,400,,yes,yes,yes,yes,yes
Sky Mango,https://www.dropbox.com/s/s4v45p15gtunpur/sky%20mango.MOV?dl=0,https://youtu.be/8CtwcgTpufk,"1/2 cup Blueberries, 1 chopped medium peach,1/2 cup  mango,1 cup cranberry juice",Peach Mango smoothies are easy to make and make a great breakfast smoothie or summer drink,"Add mango, peach, cranbery juice, blueberries into the canister of a high-speed blender and blend until smooth.",Energy,Weight Loss Shakes,,,4 g,68 g,0 g,267,,yes,yes,yes,yes,yes
Fruity Fuschia,https://www.dropbox.com/s/c6log1qjpjzxns3/Fruity%20Fuschia%20v1.mp4?dl=0,https://youtube.com/shorts/v2Nkc66g8Bk,"½ cup frozen raspberries, ½ cup frozen strawberries, ¼ cup beet, peeled, ¼ cup coconut milk, 1 scoop plant-based protein powder, ½ cup ice",Get ready for this bright pink superfood smoothie that has tons of healthy vitamins and minerals.,1. Combine all ingredients in a blender. Add more ice or water to reach the desired consistency. ,Appearance,Superfood Smoothies,Plant Based,Plant Based,14.7 g,56.6 g,7.3 g,334,No,Yes,Yes,Yes,Yes,Yes
Honey B*tch,https://www.dropbox.com/s/pypno24ubg3k6oy/honey%20bitch.MOV?dl=0,https://youtu.be/q1tFVmbEmI8,"1 teaspoon Honey, 3/4 cup peach, 1 small banana, 1 cup apple juice, 1/2 low-fat vanilla yogurt",Sweet with pure and natural fruit taste.,Blend all ingredients in blender until smooth.,Appearance,Pre Workout Shakes,,,6 g,87 g,1 g,361,,yes,yes,yes,yes,yes
Lemon Sunrise Hour,https://www.dropbox.com/s/sc2rkd3hdidyafd/lemon%20sunrise%20hour.MOV?dl=0,,"1/2 cup Lemonade, 6 large strawberries, 1/2 cup pineapple, 1/2 cup mango, 3/4 cup low-fat vanilla yogurt",This delicious and refreshing strawberry lemonade smoothie has only 5 ingredients and is ready in less than five minutes.,"Combine all ingredients in a blender and puree until smooth, about 2 to 3 minutes. Drink immediately.",Immunity,Anti Inflammatory Smoothies,,,7 g,64 g,2g,282,,yes,yes,yes,yes,yes
Hyper Tropical Blast,https://www.dropbox.com/s/f5mpimy6z3o6mpz/hyper%20tropical%20blast.MOV?dl=0,https://youtu.be/QDdt6Mv4jeI,,this is is the perfect quick breakfast to blend up before school or work.,Combine all ingredients in a blender and puree until smooth. Drink immediately.,Energy,Meal Replacement Shakes,,,4 g,83g,1 g,337,breakfast,yes,yes,yes,yes,yes
My Oasis,https://www.dropbox.com/s/d3cwzlvqp1bxeyd/my%20oasis.MOV?dl=0,https://youtu.be/0eABUUb_zww,"1/4 cup Blueberries, 1 medium banana, 1 cup mango, 1 cuporange juice",It is a delicious and healthy choice to have for breakfast,Add all ingredients in a blender and blend until smooth.,Energy,Meal Replacement Shakes,,,3 g,54 g,1 g,215,snacks,yes,yes,yes,yes,yes
Inflamation fighter and Mood booster,https://www.dropbox.com/s/p74838xpg9bnamh/Inflammation%20Fighter%20%26%20Mood%20Booster%20v1.mp4?dl=0,https://youtube.com/shorts/gMLZuF-mOSU,"1 1/2 cup pineapple, 1/2 pc passion fruit (or 2 teaspoon passion fruit pulp), 1 tablespoon lemon balm leaves (without stems), 1 teaspoon chia seeds, 1 1/2 tablespoon (20 ml) freshly squeezed orange juice","This smoothie is fullpacked with Omega 3 fatty accids, Anti-inflammatory, immunity booster and calming nerve system (reducing stress, anxiety, boosting mood and helping to relax)","-        Cut pineapple into smaller pieces
-        Open passion fruit and scoop out the pulp
-        Remove stems from lemon balm (use the leaves only)
-        Put all ingredients into a blender, add chia seeds and orange juice 
-        Blend well together 
-        Serve with extra chia seeds on top and enjoy ☺ 
","Anti-inflammatory
Immunity booster, 
Calming nerve system",Anti-Inflammatory Smoothies,,,1.4 g,32.2 g,1.4 g,157.7,no ,yes,yes,yes,yes,yes
Papaya queen,https://www.dropbox.com/s/sn1qof5krpq6rvt/Papaya%20queen.mov?dl=0,https://youtu.be/2oEa92si8xo,"1/4 pc papaya (ca 150 g), 1 pc frozen banana, 1 pc passion fruit, 1 1/2 tablespoon (ca 20 ml) freshly squeezed orange juice, passion fruit for garnishing","This smoothie is anti-inflammatory, supports digestion and blood sugar regulation","-        Cut papaya and frozen bananas into smaller pieces
-        Open passion fruit and scoop out the pulp
-        Put all ingredients into a blender, add fresh coconut water and blend well together 
-        Serve with passion fruit on top and enjoy ☺ 
","Anti-inflammatory, 
Digestion, 
Blood sugar regulation",Anti-Inflammatory Smoothies,,,2.4 g,39 g,0.9 g,184.1,no,yes,yes,yes,yes,yes 
Garden in a Cup,https://www.dropbox.com/s/5dxmmuo379wpc1t/Garden%20In%20A%20Cup%20v1.mp4?dl=0,https://youtube.com/shorts/0HBxTzgaECc,"1 cup spinach, 1 celery stalk, ½ lime, juiced, ½ apple, ½ avocado, 1 scoop plant-based protein powder, 1 cup ice",Many fruits and vegetables are used in this shake to give you a nutrient and energy boost!,1. Combine all ingredients in a blender. Add more ice or water to reach the desired consistency. ,Energy,Meal Replacement Shakes,Paleo,Plant Based,28.4 g,43.2 g,15.9 g,403,Yes,Yes,Yes,Yes,Yes,Yes
Citrus Green-Berry Smoothie,https://www.dropbox.com/s/nnfpd5q1d5gssgp/Citrus%20berry%20green%20smoothie.mov?dl=0,https://youtube.com/shorts/cVBd4zMrY1I,"½ frozen banana, ½ cup strawberries, ½ orange, peeled, ¼ avocado, 1 cup spinach, 1/2 cup almond milk, 1 tbs chia seeds, 1 scoop plant-based protein, 1 cup ice","Here's a simple, fresh, and creamy smoothie that is an awesome source of fiber, vitamins, minerals, and omega-3's.",1. Combine all ingredients in a blender. Add more ice or water to reach the desired consistency. ,Energy,Anti Inflammatory Smoothies,Vegan ,Plant Based,22.8 g,50.7 g,15.5 g,407,Yes,Yes,No,Yes,yes,yes
Chocolate Java,https://www.dropbox.com/s/l59wxo0eo8pyzip/chocolate%20java.mov?dl=0,https://youtu.be/ZwverA6hOmo,"½ cup almond milk, 1/3 cup coffee, 1 tbs cocoa powder, 1 frozen banana, 1 Medjool date, pitted, 1 scoop chocolate oat protein powder, ½ cup ice",This coffee protein shake is packed with delicious flavor and will give you tons of energy!,1. Combine all ingredients in a blender. Add more ice or water to reach the desired consistency. ,Energy,Coffee Protein Shake,Plant Based ,Oat Protein,16.3 g,62.2 g,5.6 g,338,Yes,Yes,No,Yes,No,Yes
Blue Dream,https://www.dropbox.com/s/pw0d00ll3z03es7/blue%20dream.MOV?dl=0,https://youtu.be/m_uXcNQeLkc,"1 cup frozen blueberries, ½ frozen banana, ½ cup Greek yogurt, ½ cup almond milk, 1 scoop vanilla casein protein powder, ½ cup ice",This creamy light blue smoothie is more than beautiful- it's packed with beautifying antioxidants and muscle-building protein.,1. Combine all ingredients in a blender. Add more ice or water to reach the desired consistency. ,Appearance,Casein Protein Shakes,,Casein Protein,22.9 g,4 g,49.8 g,315,No,Yes,No,Yes,Yes,Yes
HappyHour Pineapple Paradise,https://www.dropbox.com/s/wd8cvjjkqja4e2x/Happy%20Hour%20Pineapple%20Paradise%20v1.mp4?dl=0,https://youtube.com/shorts/g4qJYQlKRug,"1/2 cup Pineapple, 1small banana, 1 tablespoon coconut, 1 cup fat-free vanilla frozen yogurt, 1 tablespoon apple cider, 1/2 cup pineapple juice",it is a nutrients and energy rich drink,1. Place the all ingredients into a blender; blend until smooth,Good for weight loss,Weight Loss Shakes,,,8 g,89 g,2g,396,,yes,no,yes,yes,yes
Creamy Green,https://www.dropbox.com/s/jzg3l73aa8gwxxi/Creamy%20Green%20-%20Smoothie%20Reel.mp4?dl=0,https://youtube.com/shorts/rDS0iHPvmJk,"1/3 avocado, 1 cup spinach, ½ cup coconut milk, ¼ cup frozen pineapple, 1 scoop vanilla plant-based protein powder, ½ cup ice",Looking for a way to make those veggies taste better? This creamy green smoothie is packed with healthy veggies and deliciois flavor!,1. Combine all ingredients in a blender. Add more ice or water to reach the desired consistency. ,Immunity,Anti Inflammatory Smoothies,Vegan ,Plant Based,15.6 g,28.9 g,19.7 g,336,No,Yes,Yes,Yes,Yes,Yes
Coconut Carrot and Ginger,https://www.dropbox.com/s/k5jx2qtuplznpeh/Coconut%20Carrot%20%26%20Ginger%20-%20Smoothie%20Reel.mp4?dl=0,https://youtube.com/shorts/se6hTrZZ5vE,"1 carrot, ½ cup frozen pineapple, 2 tbs ginger, ¼ cup water, 1 cup spinach, ½ cup light coconut cream, 1 scoop plant-based protein powder, ½ cup ice","If you love ginger, this vitamin-A packed smoothie is for you!",1. Combine all ingredients in a blender. Add more ice or water to reach the desired consistency.,Immunity,Anti Inflammatory Smoothies,Plant-Based,Plant Based,16.1 g,45.1 g,17.8 g,367,Yes,Yes,Yes,Yes,Yes,Yes
Chocolate Elvis,https://www.dropbox.com/s/cad4fklfxss1reb/chocolate%20Elvis.mov?dl=0,https://youtube.com/shorts/fELcr6qVvso,"1/2 frozen banana, 1 tablespoon cocoa powder, 1/2 cup coconut yogurt, 1 tablespoon peanut butter, 1 scoop chocolate rice protein powder, 1/4 cup ice, 1/3 cup almond milk","Enjoy this peanut butter, banana, and chocolate classic after your workout for it's energy boost and muscle building action!",1. Combine all ingredients in a blender. Add more ice or water to reach the desired consistency. ,Energy,After Workout Shake,Vegan ,Rice Protein,23.4 g,44.5 g,11.9 g,356,No,Yes,No,Yes,Yes,Yes
Peanut Butter Cup,https://www.dropbox.com/s/6c63bk1id5ig8o6/Peanut%20butter%20cup.mov?dl=0,https://youtube.com/shorts/_3730k0zvnU,"1 tablespoon peanut butter, 1/2 avocado, 1/2 cup almond milk, 1 tablespoon cocoa powder, 1/2 teaspoon vanilla extract, 1 scoop chocolate whey protein",Love chocolate and peanut butter? This classic combo comes together in this post-workout shake.,1. Combine all ingredients in a blender. Add more ice or water to reach the desired consistency. ,Muscle,After Workout Shake,Keto ,Whey Protein,28.9 g,25.9 g,21.9 g,370,No,Yes,No,Yes,Yes,Yes
Birthday Cake Shake,https://www.dropbox.com/s/2pfgrdorr03kzdr/Bday%20cake%20shake.mov?dl=0,https://youtube.com/shorts/6D0v_icE6wU,"1 cup almond milk, 3 tablespoons coconut cream, 2 tablespoons cashew butter, 1/2 teaspoon vanilla extract, 1 scoop vanilla whey protein, 1/2 cup ice, 1 teaspoons sprinkles",Get ready for a keto birthday surprise! This colorful shake is perfect after a workout to replenish your muscles.,1. Combine all ingredients in a blender. Add more ice or water to reach the desired consistency. ,Muscle,After Workout Shake,Keto ,Whey Protein,27.7 g,28.6 g,29.3 g,485,Yes,Yes,No,Yes,Yes,Yes
Chocolate Coconut,https://www.dropbox.com/s/wng7ic813vyr611/Chocolate%20coconut.mov?dl=0,https://youtube.com/shorts/F_R-Ot9swsY,"1/2 cup light coconut milk, 1 tablespoon cocoa powder, 1/2 avocado, 1 tablespoon coconut flakes, 1 tablespoon cocoa nibs, 1/2 teaspoon vanilla extract, 1 scoop chocolate whey protein",Chocolate and coconut come together to provide muscle building protein in a keto-friendly shake.,1. Combine all ingredients in a blender. Add more ice or water to reach the desired consistency. ,Energy,After Workout Shake,Keto ,Whey Protein,22.9 g,28.5 g,32.3 g,456,Yes,Yes,Yes,Yes,Yes,Yes
Nutty Butter ,https://www.dropbox.com/s/rsknd9yzz1jgtwy/Nutty%20butter.mov?dl=0,https://youtube.com/shorts/yermABtD8rs,"1 tablespoon peanut butter, 3/4 cup almond milk, 1 tablespoon flaxseed, 1 frozen banana, 1/2 cup ice, 1 scoop peanut butter plant-based protein",Go nuts over this nutty butter smoothie. Packed with protein for the best post-workout benefits.,1. Combine all ingredients in a blender. Add more ice or water to reach the desired consistency.,Muscle,After Workout Shake,Plant Based ,Plant Based ,38.6 g,38.5 g,11.8 g,382,No,Yes,No,Yes,Yes,Yes
Hawaiian Breeze Splash,https://www.dropbox.com/s/hgcyg2ieas0z4di/Hawaiian%20Breeze%20Splash%20v1.mp4?dl=0,https://youtube.com/shorts/Ju5hDF_3UPc,"1/4 cup Blueberries, 1 medium banana, 1/2 cup coconut, 1/2 cup mango, 1 cup pineapple juice, 1/4 cup  low-fat vanilla yogurt",this ia a delicious and refreshing tropical treat any time of day!,Add all the ingredients to your blender and blend until smooth.,Energy,After Workout Shake,,,7 g,92 g,15 g,499,,yes,yes,yes,yes,yes
Vanilla Bean,https://www.dropbox.com/s/7hh4x0shfrjfc9t/Vanilla%20bean.mov?dl=0,https://youtube.com/shorts/3hfr4CGRcas,"1 frozen banana, ½ cup vanilla almond milk, 1 scoop plant-based vanilla protein powder, 1 teaspoon vanilla extract, 1/2 tablespoon cashew butter, 1/2 teaspoon of maple syrup","Here's a creamy, plant-based shake packed with sweet flavor and lots of protein!",1. Combine all ingredients in a blender. Add more ice or water to reach the desired consistency. ,Muscle,After Workout Shake,Plant Based ,Plant Based,27.2 g,36.1 g,8.1 g,309,No,Yes,No,Yes,Yes,No
Matcha Blend Smoothie,https://www.dropbox.com/s/lpo86y3w0u5zt9b/Matcha%20Blend%20Smoothie%20v1.mp4?dl=0,https://youtube.com/shorts/hF5lZCgi_YA,"1/2 cup frozen banana chunks, 1/2 cup frozen mango, 1/2 cup spinach, 1/2 avocado, 1/2 cup oat milk, 1 tsp matcha, 1 scoop pea protein","Matcha is a green tea powder that is known for its many health benefits. Enjoy it in a delicious, creamy smoothie!",1. Combine all ingredients in a blender. Add more ice or water to reach the desired consistency. ,Muscle,Meal Replacement Shakes,Whole30 ,Oat Protein,30.9 g,58.6 g,16.4 g,467,Yes,Yes,Yes,Yes,Yes,Yes
Mixed Berry Replenisher,https://www.dropbox.com/s/84ykialh3u6vorj/Mixed%20Berry%20Replenisher%20v1.mp4?dl=0,https://youtube.com/shorts/X7FRKIn6Uu8,"1 cup frozen mixed berries, 1/2 frozen banana, 1 cup coconut water, 1 scoop pea protein, 1/2 cup ice","Replenish your body with tons of fiber, antioxidants, protein, and energy from this mixed berry shake!",1. Combine all ingredients in a blender. Add more ice or water to reach the desired consistency. ,Muscle,After Workout Shake,Whole30 ,Pea Protein,25.9 g,43.4 g,2.6 g,273,No,Yes,Yes,Yes,Yes,Yes
Chocolate Fudge ,https://www.dropbox.com/s/k17wmx2ndtotwrp/Chocolate%20fudge_.mov?dl=0,https://youtube.com/shorts/4tZKvDnbXh8,"1/3 avocado, 1/2 cup light coconut milk, 2 tablespoons cocoa powder, 1 scoop chocolate whey powder, 1 cup ice","Delicious, fudgey, and perfectly sweet, this chocolate fudge shake is the perfect healthy meal replacement.",1. Combine all ingredients in a blender. Add more ice or water to reach the desired consistency. ,Energy,Meal Replacement Shakes,Keto ,Whey Protein,21.4 g,23.6 g,25.8 g,371,Yes,Yes,Yes,Yes,Yes,Yes
Blueberry Pie,https://www.dropbox.com/s/dm1giv1itoe64v3/Blueberry%20Pie%20-%20Smoothie%20Reel.mp4?dl=0,https://youtube.com/shorts/7yqLZhX9_KA,"1/2 cup frozen blueberries, 2 tablespoon chia seeds, 1 tablespoon almond butter, 1/2 cup almond milk, 1 scoop oat protein powder, 1/2 teaspoon cinnamon, 1/2 teaspoon vanilla extract","Get all of the classic flavors of blueberry pie in a yummy, healthy smoothie!",1. Combine all ingredients in a blender. Add more ice or water to reach the desired consistency. ,Muscle,Meal Replacement Shakes,Vegan ,Oat Protein,33.1 g,42.3 g,19.8 g,471,Yes,Yes,No,Yes,Yes,Yes
Banana Almond Shake,https://www.dropbox.com/s/qwio4ozup8jct30/Banana%20almond%20shake.mov?dl=0,https://youtube.com/shorts/ivNFCcCoH-s,"1 frozen banana, 1 tablespoon almond butter, 1/2 cup ice, 1/2 cup almond milk, 1 scoop plant-based protein powder, 1/4 cup coconut yogurt, 1/2 teaspoon honey",Banana and almond blend together in this smoothie to give you a healthy and tasty treat.,1. Combine all ingredients in a blender. Add more ice or water to reach the desired consistency. ,Muscle,Meal Replacement Shakes,Plant Based ,Plant Based,32.4 g,51.8 g,15.2 g,447,Yes,Yes,No,Yes,Yes,No
Golden Shake,https://www.dropbox.com/s/w3jpn1cem613qv0/Golden%20shake.mov?dl=0,https://youtube.com/shorts/6za8bxAK9R4,"½ frozen banana, ½ cup frozen pineapple chunks, 1 tbs chia seeds, 1 scoop plant-based protein powder, 1 cup coconut milk, 1 tbs turmeric","Known for its golden color, turmeric is used in the shake not only for beauty but for it's anti-inflammatory benefits",1. Combine all ingredients in a blender. Add more ice or water to reach the desired consistency. ,Energy,Meal Replacement Shakes,Whole30,Plant Based,27.3 g,74.9 g,21.3 g,568,Yes,Yes,Yes,Yes,Yes,Yes
Passion fruit smoothie,https://www.dropbox.com/s/n5ve84n3p1m6698/Passion%20Fruit%20Smoothie%20v1.mp4?dl=0,https://youtube.com/shorts/ltxpq9cIuw8,"1 1/2 banana, 1/2 pc passion fruit, 50gr bok choy, 1/2 teaspoon lime juice, 1 tablespon water","This smothie is great for fast hydration and can be a great snack in between meals, before or after training. It also helps to prevent diabetes and heart diseases.","- Cut bananas and Bok Choy into smaller pieces 
  - Open passion fruit and scoop out the pulp
  - Squeeze out the juice of lime
  - Put everything into a blender, add water and and blend well together 
  - Serve with passion fruit and a lime slice on top and enjoy ☺","Hydration, Diabetes and Heart diseases prevention. Antioxidant rich.",Low Carb,"Low Carb, Low Fat ",,2.8 g,40.2 g,0.7 g,159.8,no,yes,yes,yes,yes,
Rainbow Shake,https://www.dropbox.com/s/ukjs3pq1687a805/Rainbow%20Shake%20v1.mp4?dl=0,https://youtube.com/shorts/o8iAfcjYD-E,"1/2 cup almond milk, 1/4 avocado, 1/2 frozen banana, 1/4 cup frozen blackberries, 1/4 cup frozen mango, 1/4 cup frozen raspberries, 1 scoop rice protein powder","Eat the rainbow with this colorful fruit smoothie. It's a great way to start your day, while being easy and healthy!",1. Combine all ingredients in a blender. Add more ice or water to reach the desired consistency. ,Weight,Weight Loss Shakes,Whole 30,Rice Protein,19.4 g,50.1 g,9.2 g,348,Yes,Yes,Yes,Yes,Yes,Yes
Citrus Fiesta,,,"½ cup coconut water, 2 tbs shredded coconut, ½ cup frozen pineapple, 1 carrot, ½ orange, peeled, ¼ avocado, 1 scoop pea protein powder, 1 cup ice","With healthy ingredients like coconut, oranges, and pineapple, this shake is a little party in a cup!",1. Combine all ingredients in a blender. Add more ice or water to reach the desired consistency. ,Muscle,Meal Replacement Shakes,Whole30,Pea Protein,33.1 g,80.1 g,14.3 g,557,Yes,Yes,Yes,Yes,Yes,Yes
Chocolate Strawberry Smoothie,,,"1 ½ cups frozen strawberries, 1 cup chilled unsweetened chocolate almond milk, 1 tsp almond butter, 1 tsp unsweetened cocoa powder, 1 scoop chocolate pea protein powder",Turn this simple dessert into a delicious and healthy smoothie!,1. Combine all ingredients in a blender. Add more ice or water to reach the desired consistency. ,Weight,Weight Loss Shakes,Plant Based ,Pea Protein,18.2 g,30.8 g,6.0 g,243,No,Yes,No,Yes,Yes,No
Tropical Fruit Shake,,,"½ cup frozen strawberries, ½ cup frozen mango, ½ cup coconut water, 1 tsp ground chia seeds, 1 tablespoon plant-based protein",This fruity drink provides an excellent source of vitamin C and potassium as well as a boost of protein!,1. Combine all ingredients in a blender. Add more ice or water to reach the desired consistency. ,Weight,Weight Loss Shakes,Paleo,Plant Based ,28.3 g,57.4 g,3.4 g,352,Yes,Yes,Yes,Yes,Yes,Yes
Tropical Workout Shake,https://www.dropbox.com/s/9owa5ne435khtdi/Tropical%20Workout%20Shake%20v1.mp4?dl=0,https://youtube.com/shorts/AqJO2Ff1i3w,"1 cup almond milk, 1 cup frozen pineapple chunks, 1/2 cup frozen mango, 1 scoop pea protein, 2 tablespoons lime juice, 1 tablespoon coconut flakes","Plant-based and packed with protein, this tropical workout shake is perfect to replenish your body after you exercise.",1. Combine all ingredients in a blender. Add more ice or water to reach the desired consistency. Top with coconut flakes and enjoy.,Muscle,After Workout Shake,Whole30 ,Oat Protein,34.2 g,53.6 g,3.2 g,348,No,Yes,Yes,Yes,Yes,Yes
Cinnamon Roll Shake,https://www.dropbox.com/s/42rlolrcsxa4f4f/Cinnamon%20Roll%20shake%20.mov?dl=0,https://youtube.com/shorts/BKX1gqi18XA,"1/2 date, 1 frozen banana, 1 scoop vanilla oat protein powder, 1 teaspoon cinnamon, 1 cup coconut water","Try this delicious cinnamon roll shake recipe! It's packed with nutrients and protein, but you'd never know it from the taste. ",1. Combine all ingredients in a blender. Add more ice or water to reach the desired consistency. ,Weight,Weight Loss Shakes,Vegan ,Oat Protein,16.3 g,53.2 g,1.4 g,275,No,Yes,Yes,Yes,Yes,Yes
Creamy Coffee Shake,,,"1/4 avocado, 1 teaspoon cashew butter,1 teaspoon vanilla extract, 1/2 cup light coconut milk, 1 cup coffee, chilled, 1 scoop whey protein powder, 1/2 cup ice",This healthy creamy coffee shake recipe is perfect for those looking to stay on the go and still enjoy a delicious drink. ,1. Combine all ingredients in a blender. Add more ice or water to reach the desired consistency. ,Muscle,Weight Loss Shakes,Keto ,Whey Protein,26.3 g,11.2 g,19.4 g,320,Yes,Yes,No,Yes,No,Yes
PB & J Smoothie,https://www.dropbox.com/s/ie0c10djh9nmvsp/PB%20_%20J%20smoothie.mov?dl=0,https://youtube.com/shorts/ph611cgngCQ,"1 cup light coconut milk, 1/4 cup frozen strawberries, 1 tbsp peanut butter, 1 scoop vanilla whey protein powder","Here's a new, healthy, and delicious way to enjoy your favorite childhood sandwich!",1. Combine all ingredients in a blender. Add more ice or water to reach the desired consistency. ,Muscle,Weight Loss Shakes,Keto ,Whey Protein,28.2 g,12.6 g,17.4 g,309,No,Yes,No,Yes,Yes,Yes
Basil and Honeydew Smoothie,,,"1/2 cup honeydew, 1 teaspoon lime juice, ¼ cup light coconut milk, ¼ cup frozen pineapple, 1/2 teaspoon honey, 1 scoop plant based protein powder, 2 tablespoons basil leaves","The honeydew, basil, and lime in this smoothie are the perfect combination of flavors! ",1. Combine all ingredients in a blender. Add more ice or water to reach the desired consistency. ,Weight,Weight Loss Shakes,Vegan ,Plant Based,26.2 g,36.1 g,1.3 g,250,No,Yes,Yes,Yes,Yes,Yes
Lemon Sorbet Shake,https://www.dropbox.com/s/foxk7akvx6t7q27/Lemon%20sorbet.mov?dl=0,https://youtube.com/shorts/rnWHfDMaQ54,"1 frozen banana, 1 cup almond milk, 1 lemon, juice and zest, 1/4 teaspoon vanilla extract, 1 dash turmeric",This healthy lemon sorbet smoothie can be made in minutes and it's full of refreshing flavor! ,1. Combine all ingredients in a blender. Add more ice or water to reach the desired consistency. ,Weight,Weight Loss Shakes,Plant Based,Pea Protein,29.2 g,38.2 g,3.2 g,290,No,Yes,Yes,Yes,Yes,Yes